transaction_id,customer_id,transaction_date,amount,merchant,category,city,state,age_group,status,is_fraud
fff87d4340ef756a592eac652493cf6b,577588686219,2020-03-09 15:09:26,194.51,fraud_Towne LLC,misc_pos,Spring Church,PA,26-35,SUCCESS,0
d0ad335af432f35578eea01d639b3621,30376238035123,2019-08-22 15:49:01,52.32,fraud_Friesen Ltd,health_fitness,Sixes,OR,65+,SUCCESS,0
87f26e3ea33f4ff4c7a8bad2c7f48686,4658490815480264,2019-03-04 01:34:16,6.53,fraud_Mohr Inc,shopping_pos,Keisterville,PA,65+,SUCCESS,0
9c34015321c0fa2ae6fd20f9359d1d3e,3514897282719543,2020-06-16 20:04:38,7.33,fraud_Gaylord-Powlowski,home,Farmington,NY,65+,SUCCESS,0
198437c05676f485e9be04449c664475,6011381817520024,2019-05-14 05:54:48,64.29,"fraud_Christiansen, Goyette and Schamberger",gas_transport,Lagrange,WY,46-55,SUCCESS,0
2203dd06764180b6314dca2b21df2494,4855488158131690372,2019-06-28 10:46:05,129.8,"fraud_Schuppe, Nolan and Hoeger",shopping_pos,Graniteville,VT,26-35,SUCCESS,0
7b44d808a40f8ac414736be6a038e83c,30427035050508,2020-01-23 09:09:59,111.1,fraud_Kuhic Inc,grocery_pos,Detroit,MI,56-65,SUCCESS,0
c5b880abe58cd5eedbda555cdb302d86,213120463918358,2020-01-30 11:23:44,8.43,"fraud_Douglas, Schneider and Turner",shopping_pos,Spearsville,LA,65+,SUCCESS,0
91376d8059070c4c481a6b47e763b195,6597888193422452,2019-03-11 10:35:53,2.36,fraud_Hickle Group,shopping_pos,Holliday,TX,56-65,SUCCESS,0
f8a5ece3bf61877d1cab6dde1ec687ce,4809701904914,2020-04-12 18:50:07,88.0,fraud_Bahringer-Streich,food_dining,Phenix City,AL,36-45,SUCCESS,0
76757c92e09b6db6f48d18c8937c796e,3589255887819806,2019-12-17 14:46:27,124.45,fraud_Pollich LLC,home,Hancock,MD,36-45,SUCCESS,0
c293e3d5ebc1bd50000b027b5dd92a09,30518206766474,2019-10-27 23:24:54,88.58,fraud_Weber and Sons,food_dining,Matthews,MO,46-55,SUCCESS,0
9e40574a956e4751fa5efe8191e5b32c,376445266762684,2019-06-04 11:26:15,56.75,fraud_Berge LLC,gas_transport,Sutherland,NE,36-45,SUCCESS,0
5685fd238c51ead57236b4440951ece0,30044330818990,2019-07-31 12:34:22,2.02,fraud_Schmidt and Sons,shopping_net,Fort Myers,FL,36-45,SUCCESS,0
b8d56cc4e26c7059a49ca19916f7e701,180036456789979,2019-08-29 14:28:55,7.36,fraud_Kozey-Boehm,shopping_net,Bagley,WI,46-55,SUCCESS,0
ca1abe66060045960598f93bdbb94d35,3583635130604947,2019-09-02 14:37:08,62.97,fraud_Gibson-Deckow,entertainment,Philadelphia,PA,36-45,SUCCESS,0
bcf7fc481328497bb47e0ef1c8a3fb43,6538441737335434,2019-01-08 02:55:42,35.81,fraud_Trantow PLC,grocery_net,Clarks Mills,PA,26-35,SUCCESS,0
969d67625fa80ac936c3e61f3cf2666d,30118423745458,2019-07-01 10:44:42,49.03,fraud_Cole PLC,grocery_pos,Matawan,NJ,26-35,SUCCESS,0
936a08b99425359a311c031a5105fd1c,38797410705641,2019-10-20 20:16:32,65.28,"fraud_Kling, Howe and Schneider",home,Oak Hill,NY,46-55,SUCCESS,0
4aef84843de342a412bbfedf90a4e419,213180742685905,2020-06-14 17:58:56,28.87,fraud_Harris Group,food_dining,Carlotta,CA,65+,SUCCESS,0
bd5c94e257dc949fb03429367956d026,4908846471916297,2019-12-07 17:21:35,37.44,fraud_Pacocha-Weissnat,kids_pets,Grandview,TX,26-35,SUCCESS,0
d0724d54a39782d381735db9bc88f677,30230540139182,2020-06-02 09:05:04,77.29,fraud_Schumm PLC,shopping_net,Montandon,PA,46-55,SUCCESS,0
13d6bb499df223e1e24352cf0211b93f,6011542681743618,2019-11-30 10:21:10,42.05,"fraud_Schaefer, McGlynn and Bosco",gas_transport,Basye,VA,46-55,SUCCESS,0
a2a5949ef1000a80a83d0ee4e417d9a2,5559857416065248,2019-02-05 20:39:24,58.1,fraud_Emmerich-Rau,personal_care,Grenada,CA,65+,SUCCESS,0
9d8c32a37e91b982fb326525a28c0659,4797297220948468262,2019-07-17 02:22:55,57.23,"fraud_Connelly, Reichert and Fritsch",gas_transport,Oolitic,IN,26-35,SUCCESS,0
d99292d09e1e23b3de8821c962370310,3560797065840735,2019-11-03 01:50:20,53.98,"fraud_Johnson, Runolfsdottir and Mayer",misc_net,Shields,ND,36-45,SUCCESS,0
a9e3d0b484b89beec8b0aa389da36d13,3517814635263522,2020-01-07 11:10:22,1.89,fraud_Boyer PLC,shopping_net,Union,WV,65+,SUCCESS,0
130b8f03753e3d436113e9092e2aae48,3590736522064285,2019-08-03 13:41:56,5.61,fraud_Tromp Group,travel,Bauxite,AR,46-55,SUCCESS,0
31a6a69b008b800269c8d6af5cf99e24,342319985983023,2019-12-30 13:15:12,69.63,fraud_Ernser-Feest,home,Margaretville,NY,46-55,SUCCESS,0
5c6af6f8b3f58778affe58ea2269caba,4209696857872688515,2019-05-23 16:23:53,36.15,fraud_Hoppe-Parisian,kids_pets,Galatia,IL,46-55,SUCCESS,0
d075eea362d45196029e53d7306cd252,3506040590383211,2019-06-20 21:48:52,75.75,"fraud_Runolfsdottir, Mueller and Hand",entertainment,Alder,MT,36-45,SUCCESS,0
0fede23f0e0dc45109c455eacbfa065f,4806443445305,2019-04-01 23:25:29,13.35,"fraud_Kling, Howe and Schneider",home,Ironton,OH,18-25,SUCCESS,0
a7749fcaef3b18a6f7ccc2b88d908fab,6011366578560244,2019-04-08 18:37:46,40.84,"fraud_Hettinger, McCullough and Fay",home,Mc Veytown,PA,26-35,SUCCESS,0
9138dd5bcfecf955777d307b93dbc851,3577794103155425,2020-02-01 15:34:44,16.02,fraud_Labadie LLC,personal_care,Reynolds,ND,26-35,SUCCESS,0
022fec61c801ac293329f7b85320d56b,180084576295055,2020-05-02 23:31:10,15.11,fraud_Rippin-VonRueden,health_fitness,Lolita,TX,56-65,SUCCESS,0
94343d8f7a10bd8b3f4ccfc27360039d,3525590521269779,2019-07-22 10:42:46,55.8,"fraud_Greenholt, Jacobi and Gleason",gas_transport,Haw River,NC,36-45,SUCCESS,0
d3deadcfab1114c54209b551a678db83,342952484382519,2020-04-09 15:08:41,32.98,fraud_Reilly LLC,home,East Canaan,CT,36-45,SUCCESS,0
e13a01f2c90f98bcd598e30ca9cb5901,4512828414983801773,2019-10-01 07:22:18,2.97,"fraud_Kerluke, Considine and Macejkovic",misc_net,Uledi,PA,36-45,SUCCESS,0
bcf37707ad5a56f75dbfa447e6442514,4010002218955876,2019-06-03 17:08:57,20.16,"fraud_Walter, Hettinger and Kessler",personal_care,Houston,TX,36-45,SUCCESS,0
4548b9afa3bc77cbde4dbf9a948b2dad,180014262259255,2020-03-29 12:07:17,23.46,fraud_Hammes-Beatty,kids_pets,Brantley,AL,65+,SUCCESS,0
1891325cd6a2701cdc05d8f2fd93330d,3553629419254918,2019-03-30 23:06:37,3.43,fraud_Abernathy and Sons,food_dining,Conway,WA,36-45,SUCCESS,0
2ceb7b99f4ee62062ce38e86ef906496,4613314721966,2020-04-16 09:37:03,39.68,"fraud_Lehner, Reichert and Mills",misc_pos,Collettsville,NC,36-45,SUCCESS,0
78f71debadbe7595de0b686da40e3cc7,30560609640617,2020-01-03 10:53:22,2.59,fraud_Corwin-Gorczany,misc_net,Luray,MO,56-65,SUCCESS,0
284a9c7ea311ff2be9497e76e57fd42f,3567879740649740,2019-04-18 06:37:48,41.51,"fraud_Swaniawski, Bahringer and Ledner",grocery_net,Brownville,NY,65+,SUCCESS,0
ea23232820d1d1d0d9b9753e051afa72,6011681934117244,2020-02-13 01:35:36,70.14,fraud_Marks Inc,gas_transport,Slayden,TN,65+,SUCCESS,0
5fffe5622220856d970690b6f3bd32aa,6011367958204270,2019-03-27 17:32:17,4.93,fraud_Crona and Sons,kids_pets,Hinckley,OH,36-45,SUCCESS,0
b24e1f09147621f08af4ffa9af8df9f0,4060579726528237,2019-02-22 02:27:01,118.41,fraud_Rutherford-Mertz,grocery_pos,Ozawkie,KS,65+,SUCCESS,0
44f8ab45ff5bfe1572be6d81bac8b865,3582754887089201,2019-07-08 00:08:17,15.01,fraud_Kuhn LLC,misc_net,Norman,AR,56-65,SUCCESS,0
abb4b120072977b5d4481b4c0a897362,583699482621,2019-10-31 17:51:34,113.31,fraud_Deckow-Dare,food_dining,Waupaca,WI,65+,SUCCESS,0
4dec42de02d312ce2533f17cc968d0bb,4103158249977,2020-05-18 23:48:32,65.36,fraud_Erdman-Ebert,personal_care,Lorenzo,TX,36-45,SUCCESS,0
1d933a7d91616517bfcd718e3680e8a8,4509922033272157,2019-07-19 23:23:56,2.14,"fraud_Feil, Hilpert and Koss",food_dining,Hurley,SD,46-55,SUCCESS,0
a771c3365d3754def6d7e345a0b80af0,639030014711,2019-07-08 10:10:10,40.71,"fraud_Boehm, Block and Jakubowski",misc_pos,Olmsted,IL,36-45,SUCCESS,0
d779b90110bcbf8bf77076138b3f5274,3528231451607350,2019-06-09 10:28:04,176.39,fraud_Morissette LLC,entertainment,Heislerville,NJ,65+,SUCCESS,0
578c9add3c1ade1a441cf17e2962961f,377654590313960,2019-10-15 10:52:58,102.87,"fraud_Goldner, Kovacek and Abbott",grocery_pos,Powell,TN,56-65,SUCCESS,0
a1253eb7444c7a3c43fe429b44adacfd,3586008444788268,2019-07-03 11:45:07,207.59,fraud_Rau and Sons,grocery_pos,Issaquah,WA,36-45,SUCCESS,0
0c60a68c6c1488c063b6758b625908ed,4186530744674,2019-09-30 13:49:00,20.57,fraud_Friesen Ltd,health_fitness,Blackville,SC,56-65,SUCCESS,0
3d3a803ed6bd7862b0af64ae8e54bd84,4173950183554608,2020-03-20 07:36:45,71.49,fraud_Runolfsson and Sons,grocery_net,Monmouth Beach,NJ,46-55,SUCCESS,0
e9306ce419c6202b42d550470050ff03,3518758680062249,2019-12-23 19:59:37,91.26,"fraud_Dare, Fritsch and Zboncak",health_fitness,Moab,UT,36-45,SUCCESS,0
32a93e8e9294d14d3ad6ce5d66b4fcf5,2286236465059468,2019-03-22 01:37:00,55.28,fraud_Cummerata-Jones,gas_transport,Blairstown,MO,65+,SUCCESS,0
8c7eda57ee6e0f81e059aec8cf9eb016,341542810616333,2019-01-29 01:28:02,51.24,"fraud_Christiansen, Goyette and Schamberger",gas_transport,Camden,MO,65+,SUCCESS,0
7be77d39fa01508d2f85564b2f2b55dc,30238755902988,2019-05-18 10:35:56,98.04,fraud_Strosin-Cruickshank,grocery_pos,Thrall,TX,46-55,SUCCESS,0
128c83b2531cc554c540e5b61848c689,501899453424,2019-08-08 15:33:52,80.46,fraud_Barton LLC,kids_pets,Gadsden,AL,56-65,SUCCESS,0
2883e6322a7c90c1e8f1c0a90f100b57,213124978348176,2019-05-29 03:20:26,15.95,fraud_Murray Ltd,grocery_net,Belfast,NY,56-65,FAILED,1
e7b20e630eb765aea06a14f77012dfb9,3583793405872580,2020-04-05 06:55:29,80.82,fraud_DuBuque LLC,grocery_pos,Roosevelt,OK,46-55,SUCCESS,0
a0164abcec5df0fcbe6e2ed6cf1fb5a7,4488941175228467,2019-06-28 21:55:29,16.87,fraud_Fadel Inc,health_fitness,Umatilla,FL,36-45,SUCCESS,0
84810cc3e7351df80413b7e2f79531d7,6011693194885790,2019-01-06 10:55:37,46.31,fraud_Sporer Inc,gas_transport,Stanchfield,MN,26-35,SUCCESS,0
61e111e4c533d643c792165bea6b9d54,2252055259910912,2020-06-21 02:15:08,94.37,fraud_Gerlach Inc,shopping_net,Hewitt,WI,26-35,SUCCESS,0
083ef87a0c5acc2c0f858bb6cbeced84,4836998673805450,2020-02-15 08:12:29,6.53,fraud_Bruen-Yost,misc_pos,Manistique,MI,46-55,SUCCESS,0
5c8193064999ecd76b18467bbbae896f,4390966588600992777,2019-07-10 06:23:41,123.22,fraud_Brown PLC,misc_net,Oklahoma City,OK,56-65,SUCCESS,0
77b3417a1a8469459830c2dc4db16b03,3596217206093829,2019-08-02 15:42:37,6.8,fraud_Cormier LLC,shopping_net,Birmingham,IA,36-45,SUCCESS,0
ede5a17897e0bdbd1cba3bb5dac58113,4555104582813474,2019-06-27 13:56:28,73.25,"fraud_Hettinger, McCullough and Fay",home,Rock Glen,PA,36-45,SUCCESS,0
8ac5b1e54c991811ea5f3f7408334758,4585132874641,2020-04-23 23:47:37,17.18,"fraud_Walter, Hettinger and Kessler",personal_care,Utica,MO,46-55,SUCCESS,0
14b2aa71fe5e0afb57c136000ffcd6af,3582754887089201,2019-12-07 20:59:50,91.14,"fraud_Weber, Thiel and Hammes",kids_pets,Norman,AR,56-65,SUCCESS,0
0774858090e975b161a5c4cfeeb3a20f,3506040590383211,2019-03-27 16:42:18,65.12,"fraud_Bradtke, Torp and Bahringer",personal_care,Alder,MT,36-45,SUCCESS,0
080a9d61e51830fe72bf5afaf8daa245,4425161475596168,2019-04-18 03:44:18,9.33,fraud_Kunde-Sanford,misc_net,San Angelo,TX,56-65,SUCCESS,0
a6c78aee8471672549d521f7f96c266a,30082025922891,2020-04-21 02:50:43,6.28,fraud_Nienow PLC,entertainment,Naples,FL,65+,SUCCESS,0
a0b0630c65367269f8531f4caea89da0,3595192916105588,2019-04-02 04:33:17,65.26,fraud_Prohaska-Murray,gas_transport,Fayetteville,NC,26-35,SUCCESS,0
7fefad30e8705f1d4b76f27c1ad4c4e6,4503101193493052864,2019-12-05 03:26:35,67.69,fraud_Koelpin and Sons,misc_net,Lakeland,FL,46-55,SUCCESS,0
ceeb49cf8609f7e2a4c9a7eccac8e1f2,30044330818990,2019-12-29 09:07:26,9.37,fraud_Howe Ltd,misc_pos,Fort Myers,FL,36-45,SUCCESS,0
5e5927b8222a8238a1321b5b83eed9e0,4839615922685395,2019-03-04 13:01:35,9.79,fraud_Hilpert-Conroy,kids_pets,Harrodsburg,IN,65+,SUCCESS,0
16d1576a4348b320db400c90615f6049,4225990116481262579,2020-01-26 15:52:53,48.91,fraud_Larkin Ltd,kids_pets,Honokaa,HI,56-65,SUCCESS,0
09d1f87e12c319c9c0f9becbb4ea72d7,4424338559877976,2020-03-28 17:59:28,16.31,fraud_Dickinson Ltd,personal_care,Kirby,OH,65+,SUCCESS,0
37052ac4202b2d43e839aad2a0709583,3517814635263522,2020-05-11 12:41:09,27.78,"fraud_Bahringer, Bergnaum and Quitzon",home,Union,WV,65+,SUCCESS,0
05721c1a6567edbf34e6d78125c217f7,4992346398065154184,2020-05-04 16:08:18,87.55,"fraud_Windler, Goodwin and Kovacek",home,Mc Nabb,IL,65+,SUCCESS,0
e7aca77b43fa68a111e20c07481f1709,6538441737335434,2020-02-28 03:30:44,51.25,fraud_Bernhard Inc,gas_transport,Clarks Mills,PA,26-35,SUCCESS,0
0379781b32c04569f29b3a5728561f7b,30131826429364,2020-05-19 13:51:18,32.93,fraud_Pollich LLC,home,Knoxville,TN,26-35,SUCCESS,0
c9042851e29e5320913f1283eef93409,180065479077096,2019-12-14 23:25:08,77.16,fraud_Fahey Inc,kids_pets,Manchester,MD,56-65,SUCCESS,0
cc92f0d520aa90ede977912b3dbe7166,4476840372112,2020-03-06 16:06:54,215.94,fraud_Cruickshank-Mills,entertainment,Woodville,AL,46-55,SUCCESS,0
ffdb47fa8736d3519fc9ca274b2dc980,2248348993063230,2020-01-19 11:40:49,47.74,fraud_Luettgen PLC,gas_transport,Randolph,OH,56-65,SUCCESS,0
2688a159e538a3f46868b00bd55182ec,213178850083780,2019-02-03 23:02:24,84.94,fraud_Kutch-Ferry,home,Athena,OR,46-55,SUCCESS,0
e4bf5b32f1a9eabed3c51d627f65bdc3,180067784565096,2019-05-04 15:44:16,24.67,fraud_Donnelly LLC,entertainment,North Prairie,WI,65+,SUCCESS,0
f96dea9e844f3cf4386058ec5f8f020d,4904681492230012,2019-12-19 11:44:04,63.84,fraud_Corwin-Collins,gas_transport,Cottekill,NY,26-35,SUCCESS,0
e58226a02febf6e890caa43768c2716e,3576431665303017,2019-01-08 23:32:13,44.38,fraud_Zulauf LLC,personal_care,Phoenix,AZ,36-45,SUCCESS,0
c798df2229b8ef462a11f9e49f73e1c1,36192615525683,2019-03-17 05:43:14,66.32,"fraud_Stokes, Christiansen and Sipes",grocery_net,Albuquerque,NM,46-55,SUCCESS,0
080a51c663e9d98af77703e845fb3e0a,3595192916105588,2020-02-15 04:21:32,95.04,fraud_Ortiz Group,grocery_net,Fayetteville,NC,26-35,SUCCESS,0
1a93bc8755e0807b927c61665a7f8eee,4342532437704183,2019-02-16 16:50:52,103.97,fraud_Kirlin and Sons,personal_care,Newark Valley,NY,26-35,SUCCESS,0
eadf77f76d58b03db367ba5e470bf9eb,30131826429364,2019-04-21 19:23:31,45.15,fraud_Kihn-Schuster,food_dining,Knoxville,TN,26-35,SUCCESS,0
4e2cacbc0cec8c60cf559bac9a8ae784,4294040533480516,2019-09-02 08:44:52,56.15,fraud_Friesen-D'Amore,gas_transport,New Ellenton,SC,36-45,SUCCESS,0
2e8814f196377edc6efadc8733ea6648,4988304376504,2020-03-27 03:39:24,125.25,"fraud_Goldner, Kovacek and Abbott",grocery_pos,Rock Tavern,NY,65+,SUCCESS,0
209d978b4482c4eb1bd241062d875011,3560797065840735,2019-11-06 21:38:54,134.66,fraud_Bednar PLC,kids_pets,Shields,ND,36-45,SUCCESS,0
8c875315c2121c86c6bdf88de9bc03e0,6011552879910390,2020-05-23 00:06:38,74.04,"fraud_Eichmann, Bogan and Rodriguez",gas_transport,Lonetree,WY,36-45,SUCCESS,0
fea8462d6e888f543aeb0fb9ca2fd1ea,30181367542315,2019-07-13 00:07:59,144.46,fraud_Kilback LLC,grocery_pos,Powell Butte,OR,65+,SUCCESS,0
cf9e6fcd70e1b404508781da73a8765a,3526826139003047,2020-02-23 13:08:35,38.6,fraud_Crona and Sons,kids_pets,Falmouth,MI,65+,SUCCESS,0
951e48ec6ea9abc2ca29053f6d77bd20,4191109180926792,2019-07-07 05:18:18,26.39,"fraud_Turner, Ruecker and Parisian",misc_pos,Amanda,OH,26-35,SUCCESS,0
9969e4547a6a154ffcb339470f972ff6,3586008444788268,2019-01-01 20:04:43,121.21,fraud_Streich Ltd,home,Issaquah,WA,36-45,SUCCESS,0
cdd0f0cb1b2943cb8603229973c771ae,180067784565096,2019-12-17 07:20:01,76.83,fraud_Bartoletti-Wunsch,gas_transport,North Prairie,WI,65+,SUCCESS,0
4703c66d0349bcb50e9faf6f2be832fd,2475085306462014,2020-03-07 15:14:40,75.58,fraud_Leffler-Goldner,personal_care,Lamberton,MN,26-35,SUCCESS,0
5e11e2c04141d14c5e5bdbd4ddce0d55,343464013864032,2020-06-09 10:03:19,1.34,fraud_Friesen Inc,shopping_pos,Bailey,NC,56-65,SUCCESS,0
325249401ac3496acae2c6ad28fa76bd,180048185037117,2019-05-24 17:14:09,130.42,fraud_Upton PLC,entertainment,Plainfield,NJ,46-55,SUCCESS,0
cec55e4b1f08f9a117ad25019836141a,4623560839669,2019-08-04 12:35:49,43.18,fraud_Lynch-Wisozk,home,Lohrville,IA,65+,SUCCESS,0
b4f3743f8c1329dc8d6de9a1d55d9f7f,6011724471098086,2019-02-17 16:26:15,66.94,fraud_Brown-Greenholt,entertainment,Burbank,WA,36-45,SUCCESS,0
cdf31f0547b2d9d869a7de9b6fa5bacc,3589289942931264,2019-11-11 17:44:30,22.25,fraud_Little Ltd,kids_pets,Spencer,SD,46-55,SUCCESS,0
ee1aeb9e30971fa8a4f3940fc91e8988,4302480582202074,2020-03-20 18:08:29,40.28,fraud_Little Ltd,kids_pets,Muskegon,MI,26-35,SUCCESS,0
de78e900b53cf03e1046db4205b385cf,6011329966782895,2019-06-03 21:26:44,29.62,fraud_Homenick LLC,personal_care,Tulsa,OK,46-55,SUCCESS,0
e7bdb15dbe4ae7d407f9f7e171b27ea9,180048185037117,2020-03-05 16:59:49,118.22,fraud_Rolfson-Kunde,personal_care,Plainfield,NJ,46-55,SUCCESS,0
4781fcbde40492c3dd6b743b0cbb2d91,60416207185,2019-07-11 18:22:01,30.73,"fraud_Graham, Hegmann and Hammes",food_dining,Fort Washakie,WY,36-45,SUCCESS,0
76a49b96b422101ebcedf32f3952ff35,584673555952,2020-04-07 18:04:43,49.46,"fraud_Medhurst, Cartwright and Ebert",personal_care,Coleharbor,ND,65+,SUCCESS,0
5775e747faedeb059f9fe4e278509bcd,4809701904914,2019-12-07 15:04:26,27.24,"fraud_Larkin, Stracke and Greenfelder",entertainment,Phenix City,AL,36-45,SUCCESS,0
115d89543f6253a20a6a7f89ee184e1b,4266200684857219,2019-06-10 14:29:00,13.02,fraud_Marvin-Lind,personal_care,Nelson,NE,65+,SUCCESS,0
c1ba509dc5641c2c272af5b4ca09aeb1,6593939509150446,2019-07-13 01:05:59,43.8,fraud_Smitham-Boehm,grocery_net,Azusa,CA,36-45,SUCCESS,0
2f793d88f1e69be416c838f1866bad1e,4005676619255478,2019-11-18 03:47:28,76.25,fraud_Bins-Rice,gas_transport,Denham Springs,LA,26-35,SUCCESS,0
2b10d7d91349ec56dd193fe2c404c875,213125815021702,2019-02-23 20:35:13,180.96,fraud_Gibson-Deckow,entertainment,Big Indian,NY,65+,SUCCESS,0
52918732c1ecdd344d7ac63a2db29c77,4989847570577635369,2019-03-24 14:00:20,3.11,fraud_Fisher-Schowalter,shopping_net,Prosperity,SC,26-35,SUCCESS,0
73c8cee00f9609239e3ce5e06376e9f7,4384910379661778,2019-08-21 09:16:54,8.97,"fraud_Larkin, Stracke and Greenfelder",entertainment,Hawley,MN,65+,SUCCESS,0
8adbb3c9f42372e2af2092b07f9afd13,6011542681743618,2019-06-22 03:51:37,1.88,fraud_Huel-Langworth,misc_net,Basye,VA,46-55,SUCCESS,0
8fce2f1eb8c86d5e0c2ae83e8a3a2a4b,4469777115158234880,2019-06-06 01:29:07,23.1,fraud_Dach-Borer,grocery_net,Methuen,MA,36-45,SUCCESS,0
2b5d51d044b7e0622c57fd09dd3098bd,502049568400,2019-02-05 00:31:37,7.62,"fraud_Schuppe, Nolan and Hoeger",shopping_pos,Marion,CT,56-65,SUCCESS,0
679cea6211945aeb4eddf2f583f5096c,36913587729122,2019-12-13 21:13:03,105.14,fraud_Barton LLC,kids_pets,Meridian,ID,46-55,SUCCESS,0
1ed0b4e5ecbbde572dacbea9809f7c45,6011399591920186,2020-06-08 15:17:34,1.3,"fraud_Schuppe, Nolan and Hoeger",shopping_pos,Sheffield,MA,46-55,SUCCESS,0
937e4532814d2221566226ed3b610e7f,30153452207526,2020-01-14 09:36:50,6.43,fraud_McCullough LLC,misc_pos,Coleman,TX,56-65,SUCCESS,0
5ec27290ef91d94144cfd19c3a03d27b,213155997615567,2019-03-31 16:53:10,73.69,fraud_Erdman-Durgan,health_fitness,Clune,PA,46-55,SUCCESS,0
673d7e1b9a5b7daa92b21a9515b4d1c7,180069253480336,2020-04-09 08:13:43,37.62,fraud_Medhurst PLC,shopping_net,Emporium,PA,56-65,SUCCESS,0
c3d59fc740f318855a997086853af5bd,4464457352619,2019-06-12 17:26:08,1.86,fraud_Kessler Group,travel,Lanark Village,FL,36-45,SUCCESS,0
a81aaba412bfdbb03b16136623901cb6,560881134780,2019-07-02 17:58:06,70.64,fraud_Schumm PLC,health_fitness,Liberty Mills,IN,65+,SUCCESS,0
fb0dba41edfc2141011abb9aab17fa2c,3558652751678952,2019-12-05 07:39:04,77.54,fraud_Cummings LLC,gas_transport,Karnack,TX,65+,SUCCESS,0
6044e1ae4d9c03bc0033f25643cce799,2254799658404120,2020-06-06 07:44:37,69.45,fraud_Smitham-Boehm,grocery_net,Valdosta,GA,36-45,SUCCESS,0
4f51b6bc2c9e2dbacfa96512b13a287a,4689147265057948423,2019-03-08 20:15:36,56.09,fraud_Schoen Ltd,kids_pets,Manley,NE,56-65,SUCCESS,0
34295b4e49b742c2ae6f05d66082b019,3579200383632826,2019-06-29 18:41:27,538.64,fraud_Ebert-Daugherty,travel,Boyd,WI,46-55,SUCCESS,0
8024dbd9ed59678d10ac054b133b534a,4996263498048679,2019-07-28 16:34:50,1.17,"fraud_Roob, Conn and Tremblay",shopping_pos,Smith River,CA,36-45,SUCCESS,0
6733a2cf894dbe88de70a8255ce074de,2291163933867244,2019-07-03 02:46:16,59.51,fraud_Kris-Padberg,shopping_pos,Columbia,SC,56-65,SUCCESS,0
f9826967d951fdfa352d49aebd0e24fc,4681601008538160,2019-12-16 12:51:46,55.58,fraud_Kihn-Fritsch,food_dining,Moundsville,WV,46-55,SUCCESS,0
b8b87443e215c9f0975291050ec36ca4,3556613125071656,2019-09-08 21:05:06,126.83,fraud_Feil-Morar,health_fitness,Lake Jackson,TX,26-35,SUCCESS,0
7bb5badd88869ae3ff7192c3d54daedd,4102003771126577611,2019-12-19 16:25:13,129.25,fraud_Labadie LLC,personal_care,Keller,TX,36-45,SUCCESS,0
00874b4dca737745c1aa717fddab7d2a,3546674063249004,2020-03-10 19:42:02,1047.6,"fraud_Zboncak, Rowe and Murazik",shopping_net,Aledo,TX,36-45,FAILED,1
e0e04fbb92bc1589e94a26628ebe68f0,348379466427142,2020-06-04 13:27:31,8.15,"fraud_Champlin, Rolfson and Connelly",travel,Melbourne,FL,65+,SUCCESS,0
5e31ea7a86e3d1247b0894ac19995a3f,213126662687660,2019-01-09 14:31:30,34.54,"fraud_Graham, Hegmann and Hammes",food_dining,Laredo,TX,46-55,SUCCESS,0
37b406ca4620308cc7c5e8cabd119997,4482427013979020,2019-07-06 16:38:19,35.63,fraud_Kutch-Ferry,home,Henderson,WV,65+,SUCCESS,0
bc813dcdd6da13217a86e3b95532005f,4736845434667908128,2019-03-10 06:14:18,121.9,"fraud_Heller, Gutmann and Zieme",grocery_pos,Altona,NY,65+,SUCCESS,0
b06c03f3e4a873d959183e6ea2eca1ec,375248307838179,2019-02-26 00:13:27,32.06,"fraud_Stroman, Hudson and Erdman",gas_transport,Tallmansville,WV,56-65,SUCCESS,0
27c4d78d380d7ce22659848b34606bd2,376445266762684,2019-04-21 20:10:06,92.73,fraud_Leffler-Goldner,personal_care,Sutherland,NE,36-45,SUCCESS,0
0cbf9e7f21cb26dcda8b6a99bed0998c,36913587729122,2019-07-20 05:35:53,234.36,fraud_Koepp-Witting,grocery_pos,Meridian,ID,46-55,SUCCESS,0
3b3a262f1cee3788d50b23524e9ca920,38588538868506,2020-06-02 21:33:26,9.79,fraud_Boyer PLC,misc_pos,Marathon,TX,26-35,SUCCESS,0
fb06c74d2ee493a1c74daa5e33debbdd,6011329966782895,2019-03-16 13:51:03,3.87,"fraud_Gottlieb, Considine and Schultz",shopping_net,Tulsa,OK,46-55,SUCCESS,0
0f7bce49af4aafa3d30f7ee3bd653862,2703186189652095,2019-12-15 23:51:51,1.28,"fraud_Baumbach, Strosin and Nicolas",shopping_pos,Moravian Falls,NC,36-45,SUCCESS,0
814e3d59cc858317f20db1e2fc62b9f2,4239436242473,2019-05-04 16:58:59,7.89,fraud_Turner and Sons,shopping_pos,Alexandria,VA,26-35,SUCCESS,0
9f1ed86346dbc7b32cd42c03e6cb39f0,36360452125889,2019-06-29 11:22:04,4.12,"fraud_Boehm, Predovic and Reinger",misc_pos,West Chazy,NY,65+,SUCCESS,0
42f43316ade162aec73ce12de97cff34,4707867759656333,2019-07-28 09:16:08,69.57,fraud_Kihn Inc,shopping_pos,Cranks,KY,56-65,SUCCESS,0
c69d9c518ba11bf722ab81e6987159c1,341546199006537,2019-07-08 05:26:57,8.72,fraud_Kerluke-Abshire,shopping_net,Wales,AK,65+,SUCCESS,0
c5115c06c32abf4382040595ce8af5bb,4476840372112,2019-08-28 15:57:42,8.25,fraud_Macejkovic-Lesch,shopping_pos,Woodville,AL,46-55,SUCCESS,0
71b35625057d479c6db426448b5162f8,4873783502705038,2019-03-14 18:12:58,55.98,"fraud_Turcotte, McKenzie and Koss",entertainment,Burlington,WA,46-55,SUCCESS,0
bdc117ec5527048f79c5f94119f8bdf3,2358122155477959,2020-05-05 03:36:01,75.23,fraud_Ledner-Pfannerstill,gas_transport,Linthicum Heights,MD,,SUCCESS,0
f37997beb30b00e45f3c250ef34586ae,341283058448499,2020-03-12 02:02:43,48.56,fraud_Berge LLC,gas_transport,Brinson,GA,65+,SUCCESS,0
d9ce46bfb818dd6cf4f60b274e89b8a3,30551643947183,2019-07-20 10:06:50,72.53,fraud_Bins-Rice,gas_transport,Grover,NC,46-55,SUCCESS,0
bfc42a317972ea2003ff42e03a656c6f,376028110684021,2019-11-17 17:02:29,448.33,"fraud_Schroeder, Wolff and Hermiston",travel,Meadville,MO,46-55,SUCCESS,0
f44d9e3f34edbd87c5c988834462c401,213126662687660,2019-10-05 15:10:28,2.98,fraud_Gerlach Inc,shopping_net,Laredo,TX,46-55,SUCCESS,0
913a0b062e9704724945ff005348e6ad,4683638447911,2020-05-26 05:16:22,85.08,fraud_Fisher-Schowalter,shopping_net,Egan,LA,46-55,SUCCESS,0
9f0f4f2b08c01e049f9fc10130b11f89,676314217768,2019-07-25 11:57:54,186.74,fraud_Rutherford-Mertz,grocery_pos,Odessa,MO,46-55,SUCCESS,0
b43714818478c6798ea6919bf3d9aec5,4939976756738216,2020-03-27 19:20:23,2.45,fraud_Pagac LLC,shopping_pos,Roma,TX,26-35,SUCCESS,0
ae0ca2a436dd5519e2ab5dbcc4a6ed77,6011388901471808,2020-04-16 14:02:45,1.38,"fraud_Metz, Russel and Metz",kids_pets,Dunlevy,PA,65+,SUCCESS,0
beb93d4133fa2ffa146d0614a178d76c,180046617132290,2019-04-28 12:06:38,143.5,fraud_Fritsch and Sons,health_fitness,Goreville,IL,65+,SUCCESS,0
9b3f22e3d200cda560968d2026c50a3c,6544734391390261,2019-12-14 23:39:02,7.66,fraud_Brown Inc,kids_pets,Highland,IN,36-45,SUCCESS,0
7ad80ac284f2ac8a0f8a754819f1f5be,4512828414983801773,2020-03-21 17:35:54,37.04,fraud_Cartwright PLC,kids_pets,Uledi,PA,36-45,SUCCESS,0
64447380d4400fc89e97845f017711c9,3564182536169293,2019-11-28 10:38:57,6.19,fraud_Mohr Inc,shopping_pos,Norwich,OH,56-65,SUCCESS,0
460e601c7024f91dff2b6848d712df1a,4792627764422477317,2019-11-30 14:05:37,2.06,fraud_Crona and Sons,kids_pets,De Soto,KS,46-55,SUCCESS,0
47a80051c45c656957071e443d7ea336,342360239917375,2019-11-08 06:38:11,4.91,fraud_Bashirian Group,shopping_net,Howes Cave,NY,46-55,SUCCESS,0
ce18cd8d513010befb09d68406a86635,30235268718158,2019-10-06 15:30:04,5.44,"fraud_Hartmann, Rowe and Hermann",travel,West Harrison,NY,46-55,SUCCESS,0
82aad16d2406a3ed44d6bebfb7d13fcd,6011693194885790,2019-04-03 14:04:38,15.22,fraud_Skiles LLC,home,Stanchfield,MN,26-35,SUCCESS,0
8bc48f3224ebc4e1e846cc612361a769,4742883543039288059,2020-06-15 18:12:27,8.34,fraud_Pfeffer and Sons,shopping_pos,Paauilo,HI,26-35,SUCCESS,0
1902f5e7a9e56fd15f58236182055c9c,4124536010991657,2020-06-04 13:13:22,33.62,"fraud_Romaguera, Wehner and Tromp",kids_pets,Fairhope,AL,65+,SUCCESS,0
d44eb684f1d1c87fa75543e9222d960e,4653178848915023204,2019-04-22 15:44:00,3.38,fraud_Torp-Lemke,misc_pos,Glade Spring,VA,36-45,SUCCESS,0
9825637d42781d5f8ddb0b82603ecbdf,30541100351706,2020-06-12 15:24:09,456.21,fraud_Kemmer-Buckridge,misc_pos,Spring,TX,26-35,SUCCESS,0
d50dc30e433cca2f834248caad2b1706,340953839692349,2019-08-19 00:16:33,41.18,"fraud_Harris, Gusikowski and Heaney",grocery_net,Warren,MI,36-45,SUCCESS,0
e68c9fab4bdddab46d8f11c58a62bf3d,345389171551808,2019-03-21 08:12:22,66.37,"fraud_Mosciski, Gislason and Mertz",grocery_pos,Coffeeville,MS,36-45,SUCCESS,0
d016cdbdaa4aee39f3f91250873987f9,3558652751678952,2019-11-14 02:12:11,285.37,fraud_Boyer PLC,misc_pos,Karnack,TX,65+,SUCCESS,0
c932cd765a381ab50d11289ba7e6a53f,4996263498048679,2019-12-15 13:00:04,23.86,"fraud_Prosacco, Kreiger and Kovacek",home,Smith River,CA,36-45,SUCCESS,0
0063a381d25382c11cd222372f9ae4a1,4210078554961359092,2019-07-21 09:43:31,71.44,fraud_Harris Inc,gas_transport,Lowell,OR,56-65,SUCCESS,0
aa392f35a8997de08dbe77d3f6c2bd84,30044330818990,2019-10-12 22:51:45,189.4,fraud_Crooks and Sons,personal_care,Fort Myers,FL,36-45,SUCCESS,0
ab3c00dff4b1505c4be306e3aa08ba13,345389171551808,2019-11-08 06:48:55,48.08,"fraud_Jenkins, Hauck and Friesen",gas_transport,Coffeeville,MS,36-45,SUCCESS,0
e3241e6f797f572f76ca4a04bff224e2,30328384440870,2019-03-15 04:15:40,21.61,fraud_Buckridge PLC,misc_pos,Browning,MO,65+,SUCCESS,0
f90f5da1b03f607dd7f86aeaf1f2ec5e,30546453310167,2019-12-25 07:48:23,6.21,"fraud_Runolfsdottir, Mueller and Hand",entertainment,Belmont,NH,65+,SUCCESS,0
c9ab93cfefc7ecf5c3dbe60dc1aff02c,4560395181594436016,2019-05-27 07:26:41,26.19,"fraud_Rohan, White and Aufderhar",misc_net,Lakeport,CA,46-55,SUCCESS,0
9ffdde00d84919e58507489d95abddb8,213178765398315,2019-06-10 20:02:43,30.55,fraud_Medhurst Inc,home,Riverton,WY,26-35,SUCCESS,0
4cce5e02986c8db9ec3e875e29f74a68,630469040731,2019-03-25 04:31:27,8.93,fraud_Kunde-Sanford,misc_net,Cascade Locks,OR,65+,SUCCESS,0
17545d28d37985d9d27e1264a1c768eb,4584931703207308232,2019-08-25 23:08:56,67.35,fraud_Dare-Gibson,health_fitness,Dallas,TX,46-55,SUCCESS,0
ebd60555bf5a9593c142f936ba015ab2,4990494243023,2019-12-28 21:27:42,10.32,fraud_Zboncak Ltd,food_dining,Corriganville,MD,56-65,SUCCESS,0
68106e99751681d7b07fbcdac15f381e,4355790796238264643,2019-04-03 22:52:00,46.73,"fraud_Mueller, Gerhold and Mueller",health_fitness,Payson,IL,56-65,SUCCESS,0
2b6a6b7a9b23255c91d34747a0d22db7,4079773899158,2019-06-11 06:23:57,123.37,"fraud_Heller, Gutmann and Zieme",grocery_pos,Mesa,ID,56-65,SUCCESS,0
1e284d00e61b5d299664d371452816e5,372520049757633,2020-06-14 23:06:59,35.22,fraud_Kuphal-Bartoletti,misc_net,Ranier,MN,18-25,SUCCESS,0
905a87612e267adecd63f9ecbb1e2f86,6011492816282597,2019-12-21 19:41:47,8.95,fraud_Hickle Group,shopping_pos,Smackover,AR,36-45,SUCCESS,0
92a97c0da31a800482dedd84c04149ce,4377338765909719,2020-04-07 17:37:50,6.92,fraud_Turner and Sons,shopping_pos,Heiskell,TN,36-45,SUCCESS,0
1ea8e51296f32ffeaab828aadf269cde,5596347693144598,2020-06-16 21:31:17,116.33,fraud_Schiller Ltd,personal_care,Kenner,LA,65+,SUCCESS,0
73e300b68c173cb0c8762f4ead07f3d2,4988304376504,2019-12-09 01:38:36,7.67,"fraud_Bins, Balistreri and Beatty",shopping_pos,Rock Tavern,NY,65+,SUCCESS,0
423b380e6e476b9d546ae3f35fcd577e,6011148190095209,2019-07-03 04:20:32,1.56,fraud_Kuphal-Bartoletti,misc_net,Daly City,CA,26-35,SUCCESS,0
1a10c840a5bb09e9ce65e062d27a5484,5388659976630693,2019-03-03 12:12:25,81.78,fraud_Jakubowski Inc,home,Seneca,WI,56-65,SUCCESS,0
2f44c7d901d1b01274b430fab5b9747e,3566094707272327,2019-11-25 08:33:33,189.85,fraud_Goodwin-Nitzsche,grocery_pos,Newhall,CA,46-55,SUCCESS,0
a95689029ad8ae0ac1a527bec836f5bf,6011381817520024,2019-02-12 16:09:44,2.95,"fraud_Altenwerth, Cartwright and Koss",shopping_net,Lagrange,WY,46-55,SUCCESS,0
bba7106d128f51b942a588464dfe7446,3564839259330465,2019-12-27 12:00:51,8.62,"fraud_Schroeder, Wolff and Hermiston",travel,Port Costa,CA,65+,SUCCESS,0
debae265d4f6991225c1af8411711bf7,3537797820923602,2020-06-14 18:49:04,42.99,fraud_Hammes-Beatty,kids_pets,Monitor,WA,56-65,SUCCESS,0
0698a3889f7595090e4a3dba84885a3a,4951647200979051,2019-06-04 20:25:59,21.95,fraud_Pollich LLC,home,Logan,IL,46-55,SUCCESS,0
f4f6cbf34136214a9a6dd4b44744d5b8,4066595222529,2019-07-12 18:25:34,155.4,"fraud_Nicolas, Hills and McGlynn",entertainment,River,KY,65+,SUCCESS,0
626eb39a1d6baecfb1c7f270eb73f7fc,4476840372112,2019-05-20 22:48:25,2.81,fraud_Smith-Stokes,misc_pos,Woodville,AL,46-55,SUCCESS,0
efa31f4933d1a42ea1f7558ef64c7996,3544606805704278,2020-06-05 08:47:49,4.67,fraud_Stamm-Witting,shopping_net,New Memphis,IL,65+,SUCCESS,0
b5364d2f633156dd50776b79b9c49241,4502539526809429801,2019-01-26 04:25:24,36.99,"fraud_Bahringer, Schoen and Corkery",shopping_pos,Ash Flat,AR,65+,SUCCESS,0
7288c0a120e3e7c50272536da5987d66,2348245054386329,2020-02-28 01:48:53,411.18,"fraud_Terry, Johns and Bins",misc_pos,Harborcreek,PA,65+,SUCCESS,0
515dfae0cac181f6ef9ba78867d74497,4900628639996,2019-02-19 13:52:36,1.02,"fraud_Hermiston, Russel and Price",food_dining,Norwalk,CA,46-55,SUCCESS,0
2501fd959cfefac3b6ab4ac6f0b7ea2e,4079773899158,2019-07-27 08:41:42,162.42,fraud_Strosin-Cruickshank,grocery_pos,Mesa,ID,56-65,SUCCESS,0
7f301472215d8b774700b2603eee009e,4698163635895795,2019-08-17 13:06:13,13.49,"fraud_Schaefer, Fay and Hilll",entertainment,Wendel,CA,36-45,SUCCESS,0
3f051f2506434f8bf00e9f24044087ca,501802953619,2019-11-15 11:28:41,2.6,fraud_Gislason Group,misc_pos,Greenview,CA,65+,SUCCESS,0
f9f4cc07d2424cf68c37dd5a096c011a,180094419304907,2020-02-09 12:07:54,102.91,"fraud_Schiller, Blanda and Johnson",home,Sun City,CA,46-55,SUCCESS,0
b8ec1f418c326f60315a9b6aee810705,3577596616955856,2020-03-29 01:02:14,130.24,fraud_McKenzie-Huels,food_dining,Summerfield,NC,65+,SUCCESS,0
c5650082a536a47287a5de0b7866ad0d,4393520897625,2019-05-17 04:24:12,139.78,"fraud_Daugherty, Pouros and Beahan",shopping_pos,Easton,KS,36-45,SUCCESS,0
b847d75fe497f8e4880568125362e11c,4810839835482794272,2020-01-05 07:59:50,103.66,fraud_Hudson-Ratke,grocery_pos,Wheaton,MO,36-45,SUCCESS,0
42a5556d9dc053bae3e2dc9caf42e2e9,565399283797,2020-01-03 04:44:04,92.82,fraud_Kozey-Boehm,shopping_net,Jordan Valley,OR,26-35,SUCCESS,0
4877729805efdd61749a88c9bcd406e5,30404291151692,2019-06-07 13:04:36,53.06,fraud_Botsford PLC,home,North Tonawanda,NY,26-35,SUCCESS,0
415af6635085c33a8813339f9820af03,2297447006766555,2019-08-18 20:45:49,94.73,"fraud_Schiller, Blanda and Johnson",home,Cisco,IL,65+,SUCCESS,0
e2a3f096de24d3af072cd852723712f3,6011504998544485,2019-06-14 19:19:21,53.17,fraud_Bogisich-Weimann,kids_pets,Jones,AL,46-55,SUCCESS,0
0faa925a63a20abd4205e3a3934c2262,4379260813815979609,2019-03-17 13:09:36,28.32,"fraud_Runte, Green and Emard",health_fitness,Oakland,CA,46-55,SUCCESS,0
6154b5c289620f9622fea3fb937140aa,4670613943676271,2020-06-09 06:05:26,191.49,fraud_Bins-Tillman,entertainment,Cuthbert,GA,65+,SUCCESS,0
b8238aad880f09aedaeca8da0bc6b6ea,4509922033272157,2019-05-13 07:12:29,93.98,fraud_Lockman Ltd,grocery_pos,Hurley,SD,46-55,SUCCESS,0
8a0508f3010ffbe0251d8971d2b08fbf,2283743876903625,2019-11-03 15:38:00,620.4,fraud_Botsford Ltd,shopping_pos,Alpharetta,GA,26-35,SUCCESS,0
f05cbe75794c64d1f022bff79931b05c,36722699017270,2020-04-12 21:01:56,70.89,fraud_Connelly-Carter,home,Superior,AZ,36-45,SUCCESS,0
0401988daa373ec96eacd1965d08aaea,4302480582202074,2019-05-13 22:10:34,5.74,"fraud_Effertz, Welch and Schowalter",entertainment,Muskegon,MI,26-35,SUCCESS,0
3dd345188dd5ca386adbe1672512ac29,180084695172649,2019-07-01 23:04:20,24.51,"fraud_Bahringer, Osinski and Block",food_dining,Nokomis,IL,36-45,SUCCESS,0
4f3f563efbf69a368a140c35a3c80b17,3589289942931264,2019-07-16 17:12:16,61.61,"fraud_O'Connell, Botsford and Hand",home,Spencer,SD,46-55,SUCCESS,0
66d647b805811a2cca76c35ebb65f458,5359543825610251,2019-06-28 08:24:57,75.74,fraud_Kling Inc,gas_transport,Belgrade,MT,46-55,SUCCESS,0
78ac211e4a5401f217fd500b725e01ef,4003989662068504,2020-04-02 13:06:08,87.11,fraud_Ruecker-Mayert,kids_pets,Bessemer,AL,36-45,SUCCESS,0
77eb1894148cf280923813b5f2c66c55,4584931703207308232,2019-07-27 04:34:32,185.75,"fraud_Schumm, Bauch and Ondricka",grocery_pos,Dallas,TX,46-55,SUCCESS,0
0370a4db57eb6a4af117908b5b04409f,4958589671582726883,2019-12-01 13:07:26,41.85,fraud_Prosacco LLC,personal_care,Burke,VA,65+,SUCCESS,0
53fc991b651be2e2703f4353b723ba74,3524574586339330,2019-11-29 14:06:13,1.96,"fraud_Haley, Jewess and Bechtelar",shopping_pos,Vero Beach,FL,36-45,SUCCESS,0
71bcd0322e8ad3008538326ed6393469,4769426683924058915,2019-08-13 13:53:22,54.52,"fraud_Feil, Hilpert and Koss",food_dining,Mifflin,PA,65+,SUCCESS,0
02f61b4cfd227ad40645183a693394ad,2229824890647120,2019-06-09 04:30:27,60.96,fraud_Parisian and Sons,gas_transport,Pearlington,MS,65+,SUCCESS,0
f7b0b203d34ca97a6de39a4f441c8539,4070511711385545,2020-05-07 15:16:31,100.43,"fraud_Cronin, Kshlerin and Weber",health_fitness,Falls City,TX,56-65,SUCCESS,0
e0f0f1b29a96c36374d4848e8bdd06db,375534208663984,2020-05-15 22:02:01,58.66,fraud_Leannon-Ward,food_dining,Doe Hill,VA,36-45,SUCCESS,0
cabc3051f2ccd3a7362bc5bcc34ad185,4939976756738216,2019-12-21 23:26:30,62.83,fraud_Kilback and Sons,entertainment,Roma,TX,26-35,SUCCESS,0
dd05391f85e167ff5ddd7226666e18e6,4247921790666,2019-08-12 11:14:28,9.31,fraud_Pagac LLC,shopping_pos,Washington Court House,OH,65+,SUCCESS,0
00f07db491cd8f4665856ba9324de696,213114122496591,2019-09-27 22:10:24,102.1,fraud_Bode-Rempel,kids_pets,Minnesota Lake,MN,56-65,SUCCESS,0
68f7a7913401d0da8e4a11b16b6b88d8,4449530933957323,2019-11-28 18:02:24,128.48,"fraud_Reinger, Weissnat and Strosin",food_dining,Tomales,CA,65+,SUCCESS,0
0f67e21a5ef8dcbbb76cfdb20dad2f61,4586810168620942,2019-07-23 20:40:38,37.01,fraud_Ruecker Group,misc_net,Edisto Island,SC,26-35,SUCCESS,0
150dba8583ebd68ba66f8a0a82581763,30518206766474,2020-01-02 16:51:44,213.6,fraud_Roob-Okuneva,health_fitness,Matthews,MO,46-55,SUCCESS,0
104b569ab4b48b12bcf355d390f3d183,2280870154157385,2020-03-07 16:15:54,66.39,fraud_Johns Inc,entertainment,Oakford,IL,56-65,SUCCESS,0
4a44b710838556c762abb362aa1df424,60422928733,2019-02-11 04:50:22,6.55,fraud_McDermott-Rice,misc_pos,North Augusta,SC,65+,SUCCESS,0
bdf4e59cbb15a187eb72652759f0070a,30270432095985,2019-10-24 11:11:17,26.07,fraud_Friesen-Stamm,gas_transport,Lomax,IL,46-55,SUCCESS,0
a1d5478b3e66ebd34d7b34132cdf00bf,4169759661243568,2020-05-11 12:58:35,67.22,fraud_Waters-Cruickshank,health_fitness,Lawn,PA,46-55,SUCCESS,0
779dc01a9b6d50a42781997b483edeba,30371006069917,2019-04-03 02:07:01,5.48,"fraud_Ferry, Lynch and Kautzer",misc_net,Tamaroa,IL,56-65,SUCCESS,0
662376efbaa8b4be841660d525fc209e,4342532437704183,2020-06-02 07:24:52,20.98,fraud_Hackett-Lueilwitz,grocery_pos,Newark Valley,NY,26-35,SUCCESS,0
685d288882f1abbc8de5b5988cc3f8e7,3565996340207976,2019-05-06 10:27:25,46.46,"fraud_Kovacek, Dibbert and Ondricka",grocery_pos,El Paso,TX,46-55,SUCCESS,0
1d29bc7fe397829b0342a0794284f41d,4764202053279782,2020-06-10 17:23:30,105.0,fraud_Kuhn Group,food_dining,Diamond,OH,36-45,SUCCESS,0
d57168711315887c55361c5a107c6a28,4220345354880,2019-11-30 08:50:38,113.57,fraud_Flatley Group,misc_pos,Oxford,MI,65+,SUCCESS,0
9ae61bd21ced57b0fb0dce5b5b51b563,374930071163758,2020-06-06 15:48:17,38.9,"fraud_Altenwerth, Cartwright and Koss",shopping_net,Romulus,MI,46-55,SUCCESS,0
0bfbcfa0fed400bb0dba9df0a9541504,503848303379,2019-07-20 23:41:09,4.48,"fraud_Gottlieb, Considine and Schultz",shopping_net,Saint James City,FL,46-55,SUCCESS,0
782e35433464fb5a39bda40cda144914,4904681492230012,2019-01-13 09:09:50,70.15,fraud_Friesen-D'Amore,gas_transport,Cottekill,NY,26-35,SUCCESS,0
61874d555c3ca1d0300049b9c3e38a98,30030380240193,2019-04-23 21:58:42,48.36,fraud_Cartwright PLC,kids_pets,Harper,TX,26-35,SUCCESS,0
d079e1c31b52da1f6073c24b234951ac,3573030041201292,2019-01-05 17:28:34,15.43,fraud_Bogisich-Weimann,kids_pets,Altonah,UT,36-45,SUCCESS,0
e381438c7f0adbac22c2bc8b422afd42,4708992452821239,2019-06-06 21:41:43,25.22,fraud_Friesen Ltd,health_fitness,Cord,AR,65+,SUCCESS,0
91c91a2d4e6f73ecdeeff2b08423a869,4607072969078276,2019-11-08 11:49:08,8.45,"fraud_Kerluke, Kertzmann and Wiza",misc_net,Coyle,OK,36-45,SUCCESS,0
a00d7efd1313015fc4054ddb70f8aa1e,581293083266,2020-03-17 19:38:43,71.42,fraud_Morissette LLC,entertainment,Lahoma,OK,36-45,SUCCESS,0
3e70d5ec4a2721a7dfc1716f6682663d,180046765320457,2020-02-14 04:49:29,85.93,fraud_Miller-Hauck,grocery_pos,Canton,OH,56-65,SUCCESS,0
0cb964fe82e1207098737c1705cfd634,180068353086472,2020-04-22 18:43:10,5.95,"fraud_Bernhard, Grant and Langworth",shopping_pos,Huntington Beach,CA,46-55,SUCCESS,0
2d79933b684dcd863aa7e1ea11b14af5,375248307838179,2019-12-19 05:52:06,131.32,"fraud_Mosciski, Gislason and Mertz",grocery_pos,Tallmansville,WV,56-65,SUCCESS,0
7b8a3547a8360a62d0ea2cfa9d9e1398,4736845434667908128,2019-11-29 23:01:08,828.37,"fraud_Schmeler, Bashirian and Price",shopping_net,Altona,NY,65+,FAILED,1
672594070f06f77954ad3491270a30a0,2248735346244816,2019-05-20 02:58:01,76.6,fraud_Skiles-Ankunding,grocery_net,Utica,KS,56-65,SUCCESS,0
3da45e6086a5a77955c0a83a94b79daf,30551643947183,2019-12-29 08:41:58,199.06,fraud_Barton Inc,grocery_pos,Grover,NC,46-55,SUCCESS,0
1d6d45f7a7a48dc766ac695c294d0f6c,3586008444788268,2019-11-17 11:27:16,217.25,fraud_Wolf Inc,grocery_pos,Issaquah,WA,36-45,SUCCESS,0
9b2444bd5ac1954f8256fb91baee63e4,676298633337,2019-07-08 20:33:45,127.12,fraud_Gottlieb Group,kids_pets,Center Point,WV,46-55,SUCCESS,0
8e9a046456fee45c2c9075bc06650e83,4423489490781412,2019-09-16 13:59:51,55.79,fraud_Brown Inc,kids_pets,Princeton,IA,65+,SUCCESS,0
e0936906032eb8b18665d1dfa3a54f0e,4900628639996,2019-06-02 22:24:52,37.29,fraud_Schmidt-Larkin,home,Norwalk,CA,46-55,SUCCESS,0
2cf3fc03f2315d886d4531db312cd2f1,340953839692349,2019-03-14 11:14:27,74.06,"fraud_Heller, Gutmann and Zieme",grocery_pos,Warren,MI,36-45,SUCCESS,0
33803f5a75fc1a7313f97310c083dda3,213136802746375,2020-06-14 16:59:57,38.16,fraud_Kirlin and Sons,personal_care,Humboldt,AZ,65+,SUCCESS,0
87cb294227c2f651a6e85d8e71fad7c9,342351256941125,2020-04-28 10:49:52,207.8,fraud_Auer-Mosciski,grocery_pos,Juliette,GA,26-35,SUCCESS,0
31dfa8a46344f8a0bbe0beadd13e9ce2,4294040533480516,2020-03-16 01:58:57,64.35,fraud_Marks Inc,gas_transport,New Ellenton,SC,36-45,SUCCESS,0
b7ce39f2797aee976507e1aeab9cb096,4482427013979020,2020-05-08 04:45:23,128.24,fraud_O'Keefe-Hudson,grocery_pos,Henderson,WV,65+,SUCCESS,0
241dd178cc3b22e36e043bfa1f49c7ee,4727244663135968,2019-08-04 03:22:22,117.73,fraud_Cole PLC,grocery_pos,Bay Minette,AL,65+,SUCCESS,0
715f1949f2e149f63812a130299c0ea3,6538441737335434,2019-12-02 06:59:40,38.03,fraud_Roob LLC,grocery_net,Clarks Mills,PA,26-35,SUCCESS,0
008532fdc19af625ac0f14ee8a50b605,213153151785052,2019-09-26 16:44:55,2.43,fraud_Dickinson Ltd,misc_pos,Tomahawk,WI,26-35,SUCCESS,0
53883c610272e7116c534da3abc6cc39,3527536963490470,2019-01-04 15:12:55,7.48,fraud_Sporer-Keebler,personal_care,Brunson,SC,46-55,SUCCESS,0
fe4013efdc4d8eba619937e85c14e5e4,38947654498698,2019-11-09 15:18:37,1.31,fraud_Christiansen-Gusikowski,misc_pos,Creola,OH,46-55,SUCCESS,0
148614471e0d419992670b20d83bb38f,3535808924394848,2019-10-07 05:07:07,109.77,fraud_Hackett-Lueilwitz,grocery_pos,Tower Hill,IL,46-55,SUCCESS,0
eb6123b313fc607235de58e56ce2a71a,5104807169438134,2019-07-29 19:45:25,128.15,"fraud_Welch, Rath and Koepp",entertainment,Westhampton Beach,NY,46-55,SUCCESS,0
c3761fc090892ede6d76c1415e37d9b8,4653879239169997,2019-03-24 16:13:46,166.2,fraud_Barton LLC,kids_pets,Smiths Grove,KY,26-35,SUCCESS,0
7152f0a2a4c158dd27082aa04b8a79ab,2285066385084291,2019-12-27 15:36:33,2.35,fraud_Frami Group,entertainment,Heidelberg,MS,36-45,SUCCESS,0
4bc0da420e788a236fec555c610d2368,4538566639857,2020-06-03 22:43:46,1091.97,fraud_Kerluke-Abshire,shopping_net,Fairview,NJ,56-65,FAILED,1
99d33c967a17d2540e5ebaf8a5d340c0,180094419304907,2020-02-21 15:25:00,188.98,fraud_Schumm PLC,shopping_net,Sun City,CA,46-55,SUCCESS,0
9ee17b90b11effc260c3be18e28f289e,2720433095629877,2019-05-05 19:59:30,131.39,fraud_Fadel Inc,health_fitness,Bowdoin,ME,26-35,SUCCESS,0
2ee2808c22faa4f05c8c1d7080c437c3,5104807169438134,2019-10-24 12:12:30,78.92,fraud_Dietrich-Fadel,health_fitness,Westhampton Beach,NY,46-55,SUCCESS,0
b4d349dc965189a049ae6f229af98503,6011382886333463,2019-01-02 09:12:58,73.64,fraud_Cummings LLC,gas_transport,Luzerne,MI,65+,SUCCESS,0
0a1925aa98e913e8ee28d1b1d303607a,4862293128558,2019-07-25 06:16:29,29.37,fraud_Skiles-Ankunding,grocery_net,Grassflat,PA,65+,SUCCESS,0
da4a828c2e7183f4f6c1d44b024c2813,4173950183554608,2019-09-09 16:42:40,72.17,fraud_Schiller Ltd,personal_care,Monmouth Beach,NJ,46-55,SUCCESS,0
ce4fcaab6435d023482a458b3882d449,378858024506425,2019-05-05 12:46:29,24.29,fraud_Watsica LLC,personal_care,Paradise Valley,AZ,65+,SUCCESS,0
32bdd2714373b78031128be72dcad433,38199021865320,2020-04-30 04:08:09,86.89,"fraud_Kuhic, Bins and Pfeffer",shopping_net,Acworth,NH,36-45,SUCCESS,0
31d7d573a00387cad10e2cbf9742de3e,5152054598359927,2020-02-07 21:48:05,26.74,"fraud_McDermott, Osinski and Morar",home,Gretna,LA,46-55,SUCCESS,0
